stimuli,lemma,n,percent,isPicturable,notNoun,checkThisWord,duplicateOf,synonymOf,lemma_hc
dinosaurs_spacemen_and_ghouls,graffito,1,3.125,1,0,1,,,graffiti
dinosaurs_spacemen_and_ghouls,itis,25,78.125,0,0,1,,,itis
dinosaurs_spacemen_and_ghouls,thatis,15,46.875,0,0,1,,,thatis
dinosaurs_spacemen_and_ghouls,thereis,15,46.875,0,0,1,,,thereis
dinosaurs_spacemen_and_ghouls,theyare,12,37.5,0,0,1,,,theyare
dinosaurs_spacemen_and_ghouls,heis,9,28.125,0,0,1,,,heis
dinosaurs_spacemen_and_ghouls,um,8,25,0,0,1,,,um
dinosaurs_spacemen_and_ghouls,umm,8,25,0,0,1,,,umm
dinosaurs_spacemen_and_ghouls,iti,6,18.75,0,0,1,,,iti
dinosaurs_spacemen_and_ghouls,thati,5,15.625,0,0,1,,,thati
dinosaurs_spacemen_and_ghouls,tthereis,5,15.625,0,0,1,,,tthereis
dinosaurs_spacemen_and_ghouls,uh,4,12.5,0,0,1,,,uh
dinosaurs_spacemen_and_ghouls,whereis,4,12.5,0,0,1,,,whereis
dinosaurs_spacemen_and_ghouls,theyhave,3,9.375,0,0,1,,,theyhave
dinosaurs_spacemen_and_ghouls,Ibe,2,6.25,0,0,1,,,Ibe
dinosaurs_spacemen_and_ghouls,letus,2,6.25,0,0,1,,,letus
dinosaurs_spacemen_and_ghouls,mar,2,6.25,0,0,1,,,mar
dinosaurs_spacemen_and_ghouls,wehave,2,6.25,0,0,1,,,wehave
dinosaurs_spacemen_and_ghouls,whatis,2,6.25,0,0,1,,,whatis
dinosaurs_spacemen_and_ghouls,a,1,3.125,0,0,1,,,a
dinosaurs_spacemen_and_ghouls,altogether,1,3.125,0,0,1,,,altogether
dinosaurs_spacemen_and_ghouls,amir,1,3.125,0,0,1,,,amir
dinosaurs_spacemen_and_ghouls,hei,1,3.125,0,0,1,,,hei
dinosaurs_spacemen_and_ghouls,hmm,1,3.125,0,0,1,,,hmm
dinosaurs_spacemen_and_ghouls,Iam,1,3.125,0,0,1,,,Iam
dinosaurs_spacemen_and_ghouls,ouf,1,3.125,0,0,1,,,ouf
dinosaurs_spacemen_and_ghouls,outfin,1,3.125,0,0,1,,,outfin
dinosaurs_spacemen_and_ghouls,titis,1,3.125,0,0,1,,,titis
dinosaurs_spacemen_and_ghouls,weare,1,3.125,0,0,1,,,weare
dinosaurs_spacemen_and_ghouls,wir,1,3.125,0,0,1,,,wir
dinosaurs_spacemen_and_ghouls,youhave,1,3.125,0,0,1,,,youhave
dinosaurs_spacemen_and_ghouls,dinosaur,27,84.375,1,0,0,,dino,dinosaur
dinosaurs_spacemen_and_ghouls,people,26,81.25,1,0,0,,,people
dinosaurs_spacemen_and_ghouls,caveman,24,75,1,0,0,cavemen,,caveman
dinosaurs_spacemen_and_ghouls,light,23,71.875,1,0,0,,,light
dinosaurs_spacemen_and_ghouls,space,22,68.75,1,0,0,,,space
dinosaurs_spacemen_and_ghouls,volcano,21,65.625,1,0,0,volcanoe,,volcano
dinosaurs_spacemen_and_ghouls,spaceman,20,62.5,1,0,0,,astronaut ,spaceman
dinosaurs_spacemen_and_ghouls,lot,18,56.25,1,0,0,,,lot
dinosaurs_spacemen_and_ghouls,mummy,17,53.125,1,0,0,,,mummy
dinosaurs_spacemen_and_ghouls,spaceship,17,53.125,1,0,0,,"rocket, spacecraft",spaceship
dinosaurs_spacemen_and_ghouls,cafeteria,16,50,1,0,0,,,cafeteria
dinosaurs_spacemen_and_ghouls,picture,16,50,1,0,0,,,picture
dinosaurs_spacemen_and_ghouls,camera,15,46.875,1,0,0,,,camera
dinosaurs_spacemen_and_ghouls,food,15,46.875,1,0,0,,,food
dinosaurs_spacemen_and_ghouls,tree,15,46.875,1,0,0,,,tree
dinosaurs_spacemen_and_ghouls,alien,14,43.75,1,0,0,aliend,martian,alien
dinosaurs_spacemen_and_ghouls,ghoul,14,43.75,1,0,0,,"ghost, goblin",ghoul
dinosaurs_spacemen_and_ghouls,hand,14,43.75,1,0,0,,,hand
dinosaurs_spacemen_and_ghouls,top,14,43.75,1,0,0,,shirt,top
dinosaurs_spacemen_and_ghouls,costume,12,37.5,1,0,0,,,costume
dinosaurs_spacemen_and_ghouls,door,12,37.5,1,0,0,,,door
dinosaurs_spacemen_and_ghouls,saucer,12,37.5,1,0,0,,,saucer
dinosaurs_spacemen_and_ghouls,pie,11,34.375,1,0,0,,,pie
dinosaurs_spacemen_and_ghouls,astronaut,10,31.25,1,0,0,astronauts,spaceman,astronaut
dinosaurs_spacemen_and_ghouls,makeup,10,31.25,1,0,0,,,makeup
dinosaurs_spacemen_and_ghouls,one,10,31.25,1,0,0,,,one
dinosaurs_spacemen_and_ghouls,rocket,10,31.25,1,0,0,,"spaceship, spacecraft",rocket
dinosaurs_spacemen_and_ghouls,ship,10,31.25,1,0,0,,"spaceship, rocket, boat",ship
dinosaurs_spacemen_and_ghouls,table,10,31.25,1,0,0,,,table
dinosaurs_spacemen_and_ghouls,corner,9,28.125,1,0,0,,,corner
dinosaurs_spacemen_and_ghouls,ice,9,28.125,1,0,0,,,ice
dinosaurs_spacemen_and_ghouls,line,9,28.125,1,0,0,,,line
dinosaurs_spacemen_and_ghouls,mirror,9,28.125,1,0,0,,,mirror
dinosaurs_spacemen_and_ghouls,sky,9,28.125,1,0,0,,,sky
dinosaurs_spacemen_and_ghouls,film,8,25,1,0,0,films,,film
dinosaurs_spacemen_and_ghouls,man,8,25,1,0,0,,,man
dinosaurs_spacemen_and_ghouls,rope,8,25,1,0,0,,,rope
dinosaurs_spacemen_and_ghouls,star,8,25,1,0,0,,,star
dinosaurs_spacemen_and_ghouls,wall,8,25,1,0,0,,,wall
dinosaurs_spacemen_and_ghouls,buffet,7,21.875,1,0,0,,,buffet
dinosaurs_spacemen_and_ghouls,cone,7,21.875,1,0,0,,,cone
dinosaurs_spacemen_and_ghouls,head,7,21.875,1,0,0,,,head
dinosaurs_spacemen_and_ghouls,planet,7,21.875,1,0,0,,,planet
dinosaurs_spacemen_and_ghouls,scaffolding,7,21.875,1,0,0,,,scaffolding
dinosaurs_spacemen_and_ghouls,woman,7,21.875,1,0,0,,lady,woman
dinosaurs_spacemen_and_ghouls,eye,6,18.75,1,0,0,eyes,,eye
dinosaurs_spacemen_and_ghouls,ghost,6,18.75,1,0,0,,,ghost
dinosaurs_spacemen_and_ghouls,lava,6,18.75,1,0,0,,,lava
dinosaurs_spacemen_and_ghouls,window,6,18.75,1,0,0,,,window
dinosaurs_spacemen_and_ghouls,bat,5,15.625,1,0,0,,,bat
dinosaurs_spacemen_and_ghouls,building,5,15.625,1,0,0,,,building
dinosaurs_spacemen_and_ghouls,cream,5,15.625,1,0,0,,,cream
dinosaurs_spacemen_and_ghouls,mountain,5,15.625,1,0,0,mountains,,mountain
dinosaurs_spacemen_and_ghouls,person,5,15.625,1,0,0,,,person
dinosaurs_spacemen_and_ghouls,ring,5,15.625,1,0,0,,,ring
dinosaurs_spacemen_and_ghouls,screen,5,15.625,1,0,0,,,screen
dinosaurs_spacemen_and_ghouls,astronauts,4,12.5,1,0,0,astronaut,,astronauts
dinosaurs_spacemen_and_ghouls,boat,4,12.5,1,0,0,,ship,boat
dinosaurs_spacemen_and_ghouls,chair,4,12.5,1,0,0,,,chair
dinosaurs_spacemen_and_ghouls,clothes,4,12.5,1,0,0,,clothing,clothes
dinosaurs_spacemen_and_ghouls,club,4,12.5,1,0,0,,,club
dinosaurs_spacemen_and_ghouls,counter,4,12.5,1,0,0,,,counter
dinosaurs_spacemen_and_ghouls,crebe,4,12.5,1,0,0,,,crebe
dinosaurs_spacemen_and_ghouls,diner,4,12.5,1,0,0,,,diner
dinosaurs_spacemen_and_ghouls,dracula,4,12.5,1,0,0,,,dracula
dinosaurs_spacemen_and_ghouls,edge,4,12.5,1,0,0,,,edge
dinosaurs_spacemen_and_ghouls,floor,4,12.5,1,0,0,,,floor
dinosaurs_spacemen_and_ghouls,guy,4,12.5,1,0,0,,man,guy
dinosaurs_spacemen_and_ghouls,house,4,12.5,1,0,0,,,house
dinosaurs_spacemen_and_ghouls,ladder,4,12.5,1,0,0,,,ladder
dinosaurs_spacemen_and_ghouls,moon,4,12.5,1,0,0,,,moon
dinosaurs_spacemen_and_ghouls,spotlights,4,12.5,1,0,0,,,spotlights
dinosaurs_spacemen_and_ghouls,water,4,12.5,1,0,0,,,water
dinosaurs_spacemen_and_ghouls,werewolf,4,12.5,1,0,0,,,werewolf
dinosaurs_spacemen_and_ghouls,arm,3,9.375,1,0,0,,,arm
dinosaurs_spacemen_and_ghouls,face,3,9.375,1,0,0,,,face
dinosaurs_spacemen_and_ghouls,flame,3,9.375,1,0,0,,,flame
dinosaurs_spacemen_and_ghouls,glass,3,9.375,1,0,0,,,glass
dinosaurs_spacemen_and_ghouls,goblin,3,9.375,1,0,0,,,goblin
dinosaurs_spacemen_and_ghouls,nose,3,9.375,1,0,0,,,nose
dinosaurs_spacemen_and_ghouls,orange,3,9.375,1,0,0,,,orange
dinosaurs_spacemen_and_ghouls,outfit,3,9.375,1,0,0,,,outfit
dinosaurs_spacemen_and_ghouls,pants,3,9.375,1,0,0,,,pants
dinosaurs_spacemen_and_ghouls,pulley,3,9.375,1,0,0,,,pulley
dinosaurs_spacemen_and_ghouls,register,3,9.375,1,0,0,,,register
dinosaurs_spacemen_and_ghouls,string,3,9.375,1,0,0,,,string
dinosaurs_spacemen_and_ghouls,suit,3,9.375,1,0,0,suits,,suit
dinosaurs_spacemen_and_ghouls,suits,3,9.375,1,0,0,suit,,suits
dinosaurs_spacemen_and_ghouls,ufo,3,9.375,1,0,0,,"spaceship, spacecraft",ufo
dinosaurs_spacemen_and_ghouls,waldo,3,9.375,1,0,0,,,waldo
dinosaurs_spacemen_and_ghouls,zomby,3,9.375,1,0,0,zombie,,zomby
dinosaurs_spacemen_and_ghouls,bandage,2,6.25,1,0,0,,,bandage
dinosaurs_spacemen_and_ghouls,boot,2,6.25,1,0,0,,,boot
dinosaurs_spacemen_and_ghouls,cable,2,6.25,1,0,0,,,cable
dinosaurs_spacemen_and_ghouls,cameraman,2,6.25,1,0,0,,,cameraman
dinosaurs_spacemen_and_ghouls,cave,2,6.25,1,0,0,,,cave
dinosaurs_spacemen_and_ghouls,crane,2,6.25,1,0,0,,,crane
dinosaurs_spacemen_and_ghouls,deli,2,6.25,1,0,0,,,deli
dinosaurs_spacemen_and_ghouls,dot,2,6.25,1,0,0,,,dot
dinosaurs_spacemen_and_ghouls,fight,2,6.25,1,0,0,,,fight
dinosaurs_spacemen_and_ghouls,films,2,6.25,1,0,0,film,,films
dinosaurs_spacemen_and_ghouls,finger,2,6.25,1,0,0,,,finger
dinosaurs_spacemen_and_ghouls,flintstone,2,6.25,1,0,0,,,flintstone
dinosaurs_spacemen_and_ghouls,foot,2,6.25,1,0,0,,,foot
dinosaurs_spacemen_and_ghouls,fur,2,6.25,1,0,0,,,fur
dinosaurs_spacemen_and_ghouls,gear,2,6.25,1,0,0,,,gear
dinosaurs_spacemen_and_ghouls,glove,2,6.25,1,0,0,,,glove
dinosaurs_spacemen_and_ghouls,hair,2,6.25,1,0,0,,,hair
dinosaurs_spacemen_and_ghouls,hamburger,2,6.25,1,0,0,,,hamburger
dinosaurs_spacemen_and_ghouls,helmet,2,6.25,1,0,0,,,helmet
dinosaurs_spacemen_and_ghouls,hill,2,6.25,1,0,0,,,hill
dinosaurs_spacemen_and_ghouls,hollywood,2,6.25,1,0,0,,,hollywood
dinosaurs_spacemen_and_ghouls,horn,2,6.25,1,0,0,,,horn
dinosaurs_spacemen_and_ghouls,jacket,2,6.25,1,0,0,,,jacket
dinosaurs_spacemen_and_ghouls,leg,2,6.25,1,0,0,,,leg
dinosaurs_spacemen_and_ghouls,martian,2,6.25,1,0,0,,alien,martian
dinosaurs_spacemen_and_ghouls,microphone,2,6.25,1,0,0,mic,,microphone
dinosaurs_spacemen_and_ghouls,poster,2,6.25,1,0,0,,,poster
dinosaurs_spacemen_and_ghouls,queen,2,6.25,1,0,0,,,queen
dinosaurs_spacemen_and_ghouls,restaurant,2,6.25,1,0,0,,,restaurant
dinosaurs_spacemen_and_ghouls,rhinocero,2,6.25,1,0,0,,,rhinocero
dinosaurs_spacemen_and_ghouls,saturn,2,6.25,1,0,0,,planet,saturn
dinosaurs_spacemen_and_ghouls,shop,2,6.25,1,0,0,,store,shop
dinosaurs_spacemen_and_ghouls,smoke,2,6.25,1,0,0,,,smoke
dinosaurs_spacemen_and_ghouls,stegosaurus,2,6.25,1,0,0,,dinosaur,stegosaurus
dinosaurs_spacemen_and_ghouls,theater,2,6.25,1,0,0,,,theater
dinosaurs_spacemen_and_ghouls,toga,2,6.25,1,0,0,,,toga
dinosaurs_spacemen_and_ghouls,tongue,2,6.25,1,0,0,,,tongue
dinosaurs_spacemen_and_ghouls,triceratop,2,6.25,1,0,0,,dinosaur,triceratop
dinosaurs_spacemen_and_ghouls,volcanoe,2,6.25,1,0,,volcano,,volcano
dinosaurs_spacemen_and_ghouls,yodinosau,2,6.25,1,0,1,,dinosaur,dinosaur
dinosaurs_spacemen_and_ghouls,air,1,3.125,1,0,0,,,air
dinosaurs_spacemen_and_ghouls,airplane,1,3.125,1,0,0,,plane,airplane
dinosaurs_spacemen_and_ghouls,aliend,1,3.125,1,0,1,alien,martian,alien
dinosaurs_spacemen_and_ghouls,aqua,1,3.125,0,0,0,,,aqua
dinosaurs_spacemen_and_ghouls,attire,1,3.125,1,0,0,,clothes,attire
dinosaurs_spacemen_and_ghouls,baker,1,3.125,1,0,0,,,baker
dinosaurs_spacemen_and_ghouls,bathroom,1,3.125,1,0,0,,restroom,bathroom
dinosaurs_spacemen_and_ghouls,beard,1,3.125,1,0,0,,,beard
dinosaurs_spacemen_and_ghouls,beige,1,3.125,1,0,0,,,beige
dinosaurs_spacemen_and_ghouls,berry,1,3.125,1,0,0,,,berry
dinosaurs_spacemen_and_ghouls,board,1,3.125,1,0,0,,,board
dinosaurs_spacemen_and_ghouls,body,1,3.125,1,0,0,,,body
dinosaurs_spacemen_and_ghouls,bolt,1,3.125,1,0,0,,,bolt
dinosaurs_spacemen_and_ghouls,book,1,3.125,1,0,0,,,book
dinosaurs_spacemen_and_ghouls,boy,1,3.125,1,0,0,,,boy
dinosaurs_spacemen_and_ghouls,brontosaurus,1,3.125,1,0,0,,,brontosaurus
dinosaurs_spacemen_and_ghouls,brush,1,3.125,1,0,0,,,brush
dinosaurs_spacemen_and_ghouls,bubble,1,3.125,1,0,0,,,bubble
dinosaurs_spacemen_and_ghouls,bulb,1,3.125,1,0,0,,,bulb
dinosaurs_spacemen_and_ghouls,bull,1,3.125,1,0,0,,,bull
dinosaurs_spacemen_and_ghouls,can,1,3.125,1,0,0,,,can
dinosaurs_spacemen_and_ghouls,canister,1,3.125,1,0,0,,,canister
dinosaurs_spacemen_and_ghouls,cannon,1,3.125,1,0,0,,,cannon
dinosaurs_spacemen_and_ghouls,cannonball,1,3.125,1,0,0,,,cannonball
dinosaurs_spacemen_and_ghouls,car,1,3.125,1,0,0,,,car
dinosaurs_spacemen_and_ghouls,cashier,1,3.125,1,0,0,,,cashier
dinosaurs_spacemen_and_ghouls,cast,1,3.125,1,0,0,,,cast
dinosaurs_spacemen_and_ghouls,cauldron,1,3.125,1,0,0,,,cauldron
dinosaurs_spacemen_and_ghouls,cavemen,1,3.125,1,0,0,caveman,,cavemen
dinosaurs_spacemen_and_ghouls,ceiling,1,3.125,1,0,0,,,ceiling
dinosaurs_spacemen_and_ghouls,chef,1,3.125,1,0,0,,,chef
dinosaurs_spacemen_and_ghouls,church,1,3.125,1,0,0,,,church
dinosaurs_spacemen_and_ghouls,circle,1,3.125,1,0,0,,,circle
dinosaurs_spacemen_and_ghouls,clapboard,1,3.125,1,0,0,,,clapboard
dinosaurs_spacemen_and_ghouls,clapper,1,3.125,1,0,0,,,clapper
dinosaurs_spacemen_and_ghouls,clipboard,1,3.125,1,0,0,,,clipboard
dinosaurs_spacemen_and_ghouls,clothing,1,3.125,1,0,0,,clothes,clothing
dinosaurs_spacemen_and_ghouls,clown,1,3.125,1,0,0,,,clown
dinosaurs_spacemen_and_ghouls,coffee,1,3.125,1,0,0,,,coffee
dinosaurs_spacemen_and_ghouls,cook,1,3.125,1,0,0,,chef,cook
dinosaurs_spacemen_and_ghouls,cruise,1,3.125,1,0,0,,ship,cruise
dinosaurs_spacemen_and_ghouls,dino,1,3.125,1,0,0,,dinosaur,dino
dinosaurs_spacemen_and_ghouls,disk,1,3.125,1,0,0,,,disk
dinosaurs_spacemen_and_ghouls,diver,1,3.125,1,0,0,,,diver
dinosaurs_spacemen_and_ghouls,dome,1,3.125,1,0,0,,,dome
dinosaurs_spacemen_and_ghouls,dragon,1,3.125,1,0,0,dragons,,dragon
dinosaurs_spacemen_and_ghouls,dragons,1,3.125,1,0,0,dragon,,dragons
dinosaurs_spacemen_and_ghouls,dress,1,3.125,1,0,0,,,dress
dinosaurs_spacemen_and_ghouls,drink,1,3.125,1,0,0,,,drink
dinosaurs_spacemen_and_ghouls,ear,1,3.125,1,0,0,,,ear
dinosaurs_spacemen_and_ghouls,earth,1,3.125,1,0,0,,,earth
dinosaurs_spacemen_and_ghouls,elbow,1,3.125,1,0,0,,,elbow
dinosaurs_spacemen_and_ghouls,entrance,1,3.125,1,0,0,,,entrance
dinosaurs_spacemen_and_ghouls,escalator,1,3.125,1,0,0,,,escalator
dinosaurs_spacemen_and_ghouls,eyes,1,3.125,1,0,0,eye,,eyes
dinosaurs_spacemen_and_ghouls,forest,1,3.125,1,0,0,,,forest
dinosaurs_spacemen_and_ghouls,frame,1,3.125,1,0,0,,,frame
dinosaurs_spacemen_and_ghouls,gantry,1,3.125,1,0,0,,,gantry
dinosaurs_spacemen_and_ghouls,girder,1,3.125,1,0,0,,,girder
dinosaurs_spacemen_and_ghouls,girl,1,3.125,1,0,0,,,girl
dinosaurs_spacemen_and_ghouls,globe,1,3.125,1,0,0,,,globe
dinosaurs_spacemen_and_ghouls,goat,1,3.125,1,0,0,,,goat
dinosaurs_spacemen_and_ghouls,gorilla,1,3.125,1,0,0,,,gorilla
dinosaurs_spacemen_and_ghouls,gumby,1,3.125,1,0,0,,,gumby
dinosaurs_spacemen_and_ghouls,hall,1,3.125,1,0,0,,,hall
dinosaurs_spacemen_and_ghouls,hanger,1,3.125,1,0,0,,,hanger
dinosaurs_spacemen_and_ghouls,hat,1,3.125,1,0,0,,,hat
dinosaurs_spacemen_and_ghouls,hundred,1,3.125,1,0,0,,,hundred
dinosaurs_spacemen_and_ghouls,kid,1,3.125,1,0,0,,,kid
dinosaurs_spacemen_and_ghouls,kitchen,1,3.125,1,0,0,,,kitchen
dinosaurs_spacemen_and_ghouls,lady,1,3.125,1,0,0,,woman,lady
dinosaurs_spacemen_and_ghouls,leave,1,3.125,1,0,0,,,leave
dinosaurs_spacemen_and_ghouls,leopard,1,3.125,1,0,0,,,leopard
dinosaurs_spacemen_and_ghouls,letter,1,3.125,1,0,0,,,letter
dinosaurs_spacemen_and_ghouls,lizard,1,3.125,1,0,0,,,lizard
dinosaurs_spacemen_and_ghouls,loincloth,1,3.125,1,0,0,,,loincloth
dinosaurs_spacemen_and_ghouls,mic,1,3.125,1,0,0,microphone,,mic
dinosaurs_spacemen_and_ghouls,mountains,1,3.125,1,0,0,mountain,,mountains
dinosaurs_spacemen_and_ghouls,mouth,1,3.125,1,0,0,,,mouth
dinosaurs_spacemen_and_ghouls,mural,1,3.125,1,0,0,,,mural
dinosaurs_spacemen_and_ghouls,museum,1,3.125,1,0,0,,,museum
dinosaurs_spacemen_and_ghouls,paint,1,3.125,1,0,0,,,paint
dinosaurs_spacemen_and_ghouls,painter,1,3.125,1,0,0,,,painter
dinosaurs_spacemen_and_ghouls,painting,1,3.125,1,0,0,,picture,painting
dinosaurs_spacemen_and_ghouls,park,1,3.125,1,0,0,,,park
dinosaurs_spacemen_and_ghouls,party,1,3.125,1,0,0,,,party
dinosaurs_spacemen_and_ghouls,pastry,1,3.125,1,0,0,,,pastry
dinosaurs_spacemen_and_ghouls,pickaxe,1,3.125,1,0,0,,,pickaxe
dinosaurs_spacemen_and_ghouls,pile,1,3.125,1,0,0,,,pile
dinosaurs_spacemen_and_ghouls,pink,1,3.125,1,0,0,,,pink
dinosaurs_spacemen_and_ghouls,pole,1,3.125,1,0,0,,,pole
dinosaurs_spacemen_and_ghouls,powder,1,3.125,1,0,0,,,powder
dinosaurs_spacemen_and_ghouls,purple,1,3.125,1,0,0,,,purple
dinosaurs_spacemen_and_ghouls,rack,1,3.125,1,0,0,,,rack
dinosaurs_spacemen_and_ghouls,rain,1,3.125,1,0,0,,,rain
dinosaurs_spacemen_and_ghouls,restroom,1,3.125,1,0,0,,bathroom,restroom
dinosaurs_spacemen_and_ghouls,rex,1,3.125,1,0,0,,tyrannosaurus,rex
dinosaurs_spacemen_and_ghouls,road,1,3.125,1,0,0,,,road
dinosaurs_spacemen_and_ghouls,robot,1,3.125,1,0,0,,,robot
dinosaurs_spacemen_and_ghouls,scuba,1,3.125,1,0,0,,,scuba
dinosaurs_spacemen_and_ghouls,shirt,1,3.125,1,0,0,,top,shirt
dinosaurs_spacemen_and_ghouls,slide,1,3.125,1,0,0,,,slide
dinosaurs_spacemen_and_ghouls,spacecraft,1,3.125,1,0,0,,"spaceship, rocket",spacecraft
dinosaurs_spacemen_and_ghouls,spacesuit,1,3.125,1,0,0,,,spacesuit
dinosaurs_spacemen_and_ghouls,spike,1,3.125,1,0,0,,,spike
dinosaurs_spacemen_and_ghouls,spoon,1,3.125,1,0,0,,,spoon
dinosaurs_spacemen_and_ghouls,stick,1,3.125,1,0,0,,,stick
dinosaurs_spacemen_and_ghouls,store,1,3.125,1,0,0,,shop,store
dinosaurs_spacemen_and_ghouls,sun,1,3.125,1,0,0,,,sun
dinosaurs_spacemen_and_ghouls,swamp,1,3.125,1,0,0,,,swamp
dinosaurs_spacemen_and_ghouls,thumb,1,3.125,1,0,0,,,thumb
dinosaurs_spacemen_and_ghouls,thunderstorm,1,3.125,1,0,0,,,thunderstorm
dinosaurs_spacemen_and_ghouls,titanic,1,3.125,1,0,0,,,titanic
dinosaurs_spacemen_and_ghouls,tooth,1,3.125,1,0,0,,,tooth
dinosaurs_spacemen_and_ghouls,towel,1,3.125,1,0,0,,,towel
dinosaurs_spacemen_and_ghouls,train,1,3.125,1,0,0,,,train
dinosaurs_spacemen_and_ghouls,turkey,1,3.125,1,0,0,,,turkey
dinosaurs_spacemen_and_ghouls,turquoise,1,3.125,0,0,0,,,turquoise
dinosaurs_spacemen_and_ghouls,tusk,1,3.125,1,0,0,,,tusk
dinosaurs_spacemen_and_ghouls,tyrannosaurus,1,3.125,1,0,0,,"dinosaur, rex",tyrannosaurus
dinosaurs_spacemen_and_ghouls,wallpaper,1,3.125,1,0,0,,,wallpaper
dinosaurs_spacemen_and_ghouls,wardrobe,1,3.125,1,0,0,,,wardrobe
dinosaurs_spacemen_and_ghouls,movie,20,62.5,0,0,0,,,movie
dinosaurs_spacemen_and_ghouls,scene,20,62.5,0,0,0,,,scene
dinosaurs_spacemen_and_ghouls,side,19,59.375,0,0,0,,,side
dinosaurs_spacemen_and_ghouls,room,18,56.25,0,0,0,,,room
dinosaurs_spacemen_and_ghouls,set,15,46.875,0,0,0,,,set
dinosaurs_spacemen_and_ghouls,area,14,43.75,0,0,0,,,area
dinosaurs_spacemen_and_ghouls,color,14,43.75,0,0,0,,,color
dinosaurs_spacemen_and_ghouls,actor,13,40.625,0,0,0,,,actor
dinosaurs_spacemen_and_ghouls,type,12,37.5,0,0,0,,,type
dinosaurs_spacemen_and_ghouls,bottom,10,31.25,0,0,0,,,bottom
dinosaurs_spacemen_and_ghouls,ground,10,31.25,0,0,0,,,ground
dinosaurs_spacemen_and_ghouls,page,10,31.25,0,0,0,,,page
dinosaurs_spacemen_and_ghouls,stage,10,31.25,0,0,0,,,stage
dinosaurs_spacemen_and_ghouls,thing,10,31.25,0,0,0,,,thing
dinosaurs_spacemen_and_ghouls,dressing,9,28.125,0,0,0,,,dressing
dinosaurs_spacemen_and_ghouls,part,9,28.125,0,0,0,,,part
dinosaurs_spacemen_and_ghouls,sort,9,28.125,0,0,0,,,sort
dinosaurs_spacemen_and_ghouls,background,8,25,0,0,0,,,background
dinosaurs_spacemen_and_ghouls,couple,8,25,0,0,0,,,couple
dinosaurs_spacemen_and_ghouls,creature,8,25,0,0,0,,,creature
dinosaurs_spacemen_and_ghouls,crew,8,25,0,0,0,,,crew
dinosaurs_spacemen_and_ghouls,bunch,7,21.875,0,0,0,,,bunch
dinosaurs_spacemen_and_ghouls,character,7,21.875,0,0,0,,,character
dinosaurs_spacemen_and_ghouls,middle,7,21.875,0,0,0,,,middle
dinosaurs_spacemen_and_ghouls,monster,7,21.875,0,0,0,,,monster
dinosaurs_spacemen_and_ghouls,place,7,21.875,0,0,0,,,place
dinosaurs_spacemen_and_ghouls,animal,6,18.75,0,0,0,,,animal
dinosaurs_spacemen_and_ghouls,back,6,18.75,0,0,0,,,back
dinosaurs_spacemen_and_ghouls,front,6,18.75,0,0,0,,,front
dinosaurs_spacemen_and_ghouls,right,6,18.75,0,0,0,,,right
dinosaurs_spacemen_and_ghouls,time,6,18.75,0,0,0,,,time
dinosaurs_spacemen_and_ghouls,break,5,15.625,0,0,0,,,break
dinosaurs_spacemen_and_ghouls,left,5,15.625,0,0,0,,,left
dinosaurs_spacemen_and_ghouls,production,5,15.625,0,0,0,,,production
dinosaurs_spacemen_and_ghouls,structure,5,15.625,0,0,0,,,structure
dinosaurs_spacemen_and_ghouls,backdrop,4,12.5,0,0,0,,,backdrop
dinosaurs_spacemen_and_ghouls,bit,4,12.5,0,0,0,,,bit
dinosaurs_spacemen_and_ghouls,cash,4,12.5,0,0,0,,,cash
dinosaurs_spacemen_and_ghouls,center,4,12.5,0,0,0,,,center
dinosaurs_spacemen_and_ghouls,directors,4,12.5,0,0,0,,,directors
dinosaurs_spacemen_and_ghouls,end,4,12.5,0,0,0,,,end
dinosaurs_spacemen_and_ghouls,fact,4,12.5,0,0,0,,,fact
dinosaurs_spacemen_and_ghouls,horror,4,12.5,0,0,0,,,horror
dinosaurs_spacemen_and_ghouls,stuff,4,12.5,0,0,0,,,stuff
dinosaurs_spacemen_and_ghouls,style,4,12.5,0,0,0,,,style
dinosaurs_spacemen_and_ghouls,way,4,12.5,0,0,0,,,way
dinosaurs_spacemen_and_ghouls,figure,3,9.375,0,0,0,,,figure
dinosaurs_spacemen_and_ghouls,future,3,9.375,0,0,0,,,future
dinosaurs_spacemen_and_ghouls,game,3,9.375,0,0,0,,,game
dinosaurs_spacemen_and_ghouls,group,3,9.375,1,0,0,,,group
dinosaurs_spacemen_and_ghouls,piece,3,9.375,0,0,0,,,piece
dinosaurs_spacemen_and_ghouls,play,3,9.375,0,0,0,,,play
dinosaurs_spacemen_and_ghouls,setup,3,9.375,0,0,0,,,setup
dinosaurs_spacemen_and_ghouls,studio,3,9.375,0,0,0,,,studio
dinosaurs_spacemen_and_ghouls,lunch,2,6.25,0,0,0,,,lunch
dinosaurs_spacemen_and_ghouls,action,2,6.25,0,0,0,,,action
dinosaurs_spacemen_and_ghouls,activity,2,6.25,0,0,0,,,activity
dinosaurs_spacemen_and_ghouls,actresse,2,6.25,0,0,1,,,actresse
dinosaurs_spacemen_and_ghouls,boom,2,6.25,0,0,0,,,boom
dinosaurs_spacemen_and_ghouls,capsule,2,6.25,0,0,0,,,capsule
dinosaurs_spacemen_and_ghouls,combination,2,6.25,0,0,0,,,combination
dinosaurs_spacemen_and_ghouls,day,2,6.25,0,0,0,,,day
dinosaurs_spacemen_and_ghouls,description,2,6.25,0,0,0,,,description
dinosaurs_spacemen_and_ghouls,different,2,6.25,0,0,0,,,different
dinosaurs_spacemen_and_ghouls,director,2,6.25,0,0,0,,,director
dinosaurs_spacemen_and_ghouls,dozen,2,6.25,0,0,0,,,dozen
dinosaurs_spacemen_and_ghouls,drop,2,6.25,0,0,0,,,drop
dinosaurs_spacemen_and_ghouls,effect,2,6.25,0,0,0,,,effect
dinosaurs_spacemen_and_ghouls,extra,2,6.25,0,0,0,,,extra
dinosaurs_spacemen_and_ghouls,flashing,2,6.25,0,0,0,,,flashing
dinosaurs_spacemen_and_ghouls,half,2,6.25,0,0,0,,,half
dinosaurs_spacemen_and_ghouls,halloween,2,6.25,0,0,0,,,halloween
dinosaurs_spacemen_and_ghouls,image,2,6.25,0,0,0,,,image
dinosaurs_spacemen_and_ghouls,land,2,6.25,0,0,0,,,land
dinosaurs_spacemen_and_ghouls,landing,2,6.25,0,0,0,,,landing
dinosaurs_spacemen_and_ghouls,landscape,2,6.25,0,0,0,,,landscape
dinosaurs_spacemen_and_ghouls,look,2,6.25,0,0,0,,,look
dinosaurs_spacemen_and_ghouls,mixture,2,6.25,0,0,0,,,mixture
dinosaurs_spacemen_and_ghouls,night,2,6.25,0,0,0,,,night
dinosaurs_spacemen_and_ghouls,polka,2,6.25,0,0,0,,,polka
dinosaurs_spacemen_and_ghouls,prop,2,6.25,0,0,0,,,prop
dinosaurs_spacemen_and_ghouls,series,2,6.25,0,0,0,,,series
dinosaurs_spacemen_and_ghouls,skin,2,6.25,0,0,0,,,skin
dinosaurs_spacemen_and_ghouls,spread,2,6.25,0,0,0,,,spread
dinosaurs_spacemen_and_ghouls,start,2,6.25,0,0,0,,,start
dinosaurs_spacemen_and_ghouls,surface,2,6.25,0,0,0,,,surface
dinosaurs_spacemen_and_ghouls,take,2,6.25,0,0,0,,,take
dinosaurs_spacemen_and_ghouls,theme,2,6.25,0,0,0,,,theme
dinosaurs_spacemen_and_ghouls,title,2,6.25,0,0,0,,,title
dinosaurs_spacemen_and_ghouls,upside,2,6.25,0,0,0,,,upside
dinosaurs_spacemen_and_ghouls,work,2,6.25,0,0,0,,,work
dinosaurs_spacemen_and_ghouls,actors,1,3.125,0,0,0,,,actors
dinosaurs_spacemen_and_ghouls,adventure,1,3.125,0,0,0,,,adventure
dinosaurs_spacemen_and_ghouls,age,1,3.125,0,0,0,,,age
dinosaurs_spacemen_and_ghouls,apparatus,1,3.125,0,0,0,,,apparatus
dinosaurs_spacemen_and_ghouls,base,1,3.125,0,0,0,,,base
dinosaurs_spacemen_and_ghouls,beginning,1,3.125,0,0,0,,,beginning
dinosaurs_spacemen_and_ghouls,being,1,3.125,0,0,0,,,being
dinosaurs_spacemen_and_ghouls,beneath,1,3.125,0,0,0,,,beneath
dinosaurs_spacemen_and_ghouls,business,1,3.125,0,0,0,,,business
dinosaurs_spacemen_and_ghouls,caption,1,3.125,0,0,0,,,caption
dinosaurs_spacemen_and_ghouls,carpet,1,3.125,0,0,0,,rug,carpet
dinosaurs_spacemen_and_ghouls,century,1,3.125,0,0,0,,,century
dinosaurs_spacemen_and_ghouls,chaos,1,3.125,0,0,0,,,chaos
dinosaurs_spacemen_and_ghouls,ching,1,3.125,0,0,0,,,ching
dinosaurs_spacemen_and_ghouls,cinematography,1,3.125,0,0,0,,,cinematography
dinosaurs_spacemen_and_ghouls,classic,1,3.125,0,0,0,,,classic
dinosaurs_spacemen_and_ghouls,commotion,1,3.125,0,0,0,,,commotion
dinosaurs_spacemen_and_ghouls,conference,1,3.125,0,0,0,,,conference
dinosaurs_spacemen_and_ghouls,construction,1,3.125,0,0,0,,,construction
dinosaurs_spacemen_and_ghouls,contagion,1,3.125,0,0,0,,,contagion
dinosaurs_spacemen_and_ghouls,contraption,1,3.125,0,0,0,,,contraption
dinosaurs_spacemen_and_ghouls,convention,1,3.125,0,0,0,,,convention
dinosaurs_spacemen_and_ghouls,crowding,1,3.125,0,0,0,,,crowding
dinosaurs_spacemen_and_ghouls,dairy,1,3.125,0,0,0,,,dairy
dinosaurs_spacemen_and_ghouls,daydreaming,1,3.125,0,0,0,,,daydreaming
dinosaurs_spacemen_and_ghouls,daytime,1,3.125,0,0,0,,,daytime
dinosaurs_spacemen_and_ghouls,deal,1,3.125,0,0,0,,,deal
dinosaurs_spacemen_and_ghouls,descriptor,1,3.125,0,0,0,,,descriptor
dinosaurs_spacemen_and_ghouls,detail,1,3.125,0,0,0,,,detail
dinosaurs_spacemen_and_ghouls,device,1,3.125,0,0,0,,,device
dinosaurs_spacemen_and_ghouls,dialogue,1,3.125,0,0,0,,,dialogue
dinosaurs_spacemen_and_ghouls,direction,1,3.125,0,0,0,,,direction
dinosaurs_spacemen_and_ghouls,disease,1,3.125,0,0,0,,,disease
dinosaurs_spacemen_and_ghouls,dream,1,3.125,0,0,0,,,dream
dinosaurs_spacemen_and_ghouls,engineer,1,3.125,0,0,0,,,engineer
dinosaurs_spacemen_and_ghouls,entertaining,1,3.125,0,0,0,,,entertaining
dinosaurs_spacemen_and_ghouls,equipment,1,3.125,0,0,0,,,equipment
dinosaurs_spacemen_and_ghouls,eruption,1,3.125,0,0,0,,,eruption
dinosaurs_spacemen_and_ghouls,facial,1,3.125,0,0,0,,,facial
dinosaurs_spacemen_and_ghouls,fashion,1,3.125,0,0,0,,,fashion
dinosaurs_spacemen_and_ghouls,few,1,3.125,0,0,0,,,few
dinosaurs_spacemen_and_ghouls,fiction,1,3.125,0,0,0,,,fiction
dinosaurs_spacemen_and_ghouls,foreground,1,3.125,0,0,0,,,foreground
dinosaurs_spacemen_and_ghouls,framework,1,3.125,0,0,0,,,framework
dinosaurs_spacemen_and_ghouls,friend,1,3.125,0,0,0,,,friend
dinosaurs_spacemen_and_ghouls,girlfriend,1,3.125,0,0,0,,,girlfriend
dinosaurs_spacemen_and_ghouls,grasp,1,3.125,0,0,0,,,grasp
dinosaurs_spacemen_and_ghouls,history,1,3.125,0,0,0,,,history
dinosaurs_spacemen_and_ghouls,idea,1,3.125,0,0,0,,,idea
dinosaurs_spacemen_and_ghouls,imagination,1,3.125,0,0,0,,,imagination
dinosaurs_spacemen_and_ghouls,industry,1,3.125,0,0,0,,,industry
dinosaurs_spacemen_and_ghouls,item,1,3.125,0,0,0,,,item
dinosaurs_spacemen_and_ghouls,job,1,3.125,0,0,0,,,job
dinosaurs_spacemen_and_ghouls,lighting,1,3.125,0,0,0,,,lighting
dinosaurs_spacemen_and_ghouls,liquid,1,3.125,0,0,0,,,liquid
dinosaurs_spacemen_and_ghouls,machine,1,3.125,0,0,0,,,machine
dinosaurs_spacemen_and_ghouls,mankind,1,3.125,0,0,0,,,mankind
dinosaurs_spacemen_and_ghouls,meal,1,3.125,0,0,0,,,meal
dinosaurs_spacemen_and_ghouls,means,1,3.125,0,0,0,,,means
dinosaurs_spacemen_and_ghouls,medium,1,3.125,0,0,0,,,medium
dinosaurs_spacemen_and_ghouls,member,1,3.125,0,0,0,,,member
dinosaurs_spacemen_and_ghouls,merriness,1,3.125,0,0,0,,,merriness
dinosaurs_spacemen_and_ghouls,mess,1,3.125,0,0,0,,,mess
dinosaurs_spacemen_and_ghouls,model,1,3.125,0,0,0,,,model
dinosaurs_spacemen_and_ghouls,module,1,3.125,0,0,0,,,module
dinosaurs_spacemen_and_ghouls,movement,1,3.125,0,0,0,,,movement
dinosaurs_spacemen_and_ghouls,name,1,3.125,0,0,0,,,name
dinosaurs_spacemen_and_ghouls,nighttime,1,3.125,0,0,0,,,nighttime
dinosaurs_spacemen_and_ghouls,object,1,3.125,0,0,0,,,object
dinosaurs_spacemen_and_ghouls,outside,1,3.125,0,0,0,,,outside
dinosaurs_spacemen_and_ghouls,over,1,3.125,0,0,0,,,over
dinosaurs_spacemen_and_ghouls,overall,1,3.125,0,0,0,,,overall
dinosaurs_spacemen_and_ghouls,partner,1,3.125,0,0,0,,,partner
dinosaurs_spacemen_and_ghouls,pavement,1,3.125,0,0,0,,,pavement
dinosaurs_spacemen_and_ghouls,point,1,3.125,0,0,0,,,point
dinosaurs_spacemen_and_ghouls,producer,1,3.125,0,0,0,,,producer
dinosaurs_spacemen_and_ghouls,progress,1,3.125,0,0,0,,,progress
dinosaurs_spacemen_and_ghouls,projector,1,3.125,1,0,0,,,projector
dinosaurs_spacemen_and_ghouls,proposition,1,3.125,0,0,0,,,proposition
dinosaurs_spacemen_and_ghouls,puffs,1,3.125,0,0,0,,,puffs
dinosaurs_spacemen_and_ghouls,reason,1,3.125,0,0,0,,,reason
dinosaurs_spacemen_and_ghouls,reptiles,1,3.125,0,0,0,,,reptiles
dinosaurs_spacemen_and_ghouls,science,1,3.125,0,0,0,,,science
dinosaurs_spacemen_and_ghouls,score,1,3.125,0,0,0,,,score
dinosaurs_spacemen_and_ghouls,scuffle,1,3.125,0,0,0,,,scuffle
dinosaurs_spacemen_and_ghouls,seaman,1,3.125,0,0,0,,,seaman
dinosaurs_spacemen_and_ghouls,section,1,3.125,0,0,0,,,section
dinosaurs_spacemen_and_ghouls,sense,1,3.125,0,0,0,,,sense
dinosaurs_spacemen_and_ghouls,sequence,1,3.125,0,0,0,,,sequence
dinosaurs_spacemen_and_ghouls,serve,1,3.125,0,0,0,,,serve
dinosaurs_spacemen_and_ghouls,server,1,3.125,1,0,0,,,server
dinosaurs_spacemen_and_ghouls,setting,1,3.125,0,0,0,,,setting
dinosaurs_spacemen_and_ghouls,shot,1,3.125,0,0,0,,,shot
dinosaurs_spacemen_and_ghouls,show,1,3.125,0,0,0,,,show
dinosaurs_spacemen_and_ghouls,shuttle,1,3.125,0,0,0,,,shuttle
dinosaurs_spacemen_and_ghouls,sign,1,3.125,0,0,0,,,sign
dinosaurs_spacemen_and_ghouls,simulator,1,3.125,0,0,0,,,simulator
dinosaurs_spacemen_and_ghouls,size,1,3.125,0,0,0,,,size
dinosaurs_spacemen_and_ghouls,slice,1,3.125,0,0,0,,,slice
dinosaurs_spacemen_and_ghouls,somewhere,1,3.125,0,0,0,,,somewhere
dinosaurs_spacemen_and_ghouls,sound,1,3.125,0,0,0,,,sound
dinosaurs_spacemen_and_ghouls,stagehand,1,3.125,0,0,0,,,stagehand
dinosaurs_spacemen_and_ghouls,stall,1,3.125,0,0,0,,,stall
dinosaurs_spacemen_and_ghouls,stand,1,3.125,0,0,0,,,stand
dinosaurs_spacemen_and_ghouls,station,1,3.125,0,0,0,stations,,station
dinosaurs_spacemen_and_ghouls,stations,1,3.125,0,0,0,station,,stations
dinosaurs_spacemen_and_ghouls,story,1,3.125,0,0,0,,,story
dinosaurs_spacemen_and_ghouls,strange,1,3.125,0,0,0,,,strange
dinosaurs_spacemen_and_ghouls,stripe,1,3.125,0,0,0,,,stripe
dinosaurs_spacemen_and_ghouls,tan,1,3.125,0,0,0,,,tan
dinosaurs_spacemen_and_ghouls,team,1,3.125,0,0,0,,,team
dinosaurs_spacemen_and_ghouls,transportation,1,3.125,0,0,0,,,transportation
dinosaurs_spacemen_and_ghouls,truth,1,3.125,0,0,0,,,truth
dinosaurs_spacemen_and_ghouls,vanity,1,3.125,0,0,0,,,vanity
dinosaurs_spacemen_and_ghouls,video,1,3.125,0,0,0,,,video
dinosaurs_spacemen_and_ghouls,walk,1,3.125,0,0,0,,,walk
dinosaurs_spacemen_and_ghouls,weekend,1,3.125,0,0,0,,,weekend
dinosaurs_spacemen_and_ghouls,wonderland,1,3.125,0,0,0,,,wonderland
dinosaurs_spacemen_and_ghouls,worker,1,3.125,0,0,0,,,worker
dinosaurs_spacemen_and_ghouls,world,1,3.125,0,0,0,worlds,,world
dinosaurs_spacemen_and_ghouls,worlds,1,3.125,0,0,0,world,,worlds
dinosaurs_spacemen_and_ghouls,wrapping,1,3.125,0,0,0,,,wrapping
dinosaurs_spacemen_and_ghouls,york,1,3.125,0,0,0,,,york
dinosaurs_spacemen_and_ghouls,green,4,12.5,0,1,0,,,green
dinosaurs_spacemen_and_ghouls,blue,1,3.125,0,1,0,,,blue
dinosaurs_spacemen_and_ghouls,kind,17,53.125,0,1,0,,,kind
dinosaurs_spacemen_and_ghouls,madeup,3,9.375,0,1,0,,,madeup
dinosaurs_spacemen_and_ghouls,filming,2,6.25,0,1,0,,,filming
dinosaurs_spacemen_and_ghouls,wooden,2,6.25,0,1,0,,,wooden
dinosaurs_spacemen_and_ghouls,yeah,2,6.25,0,1,0,,,yeah
dinosaurs_spacemen_and_ghouls,appear,1,3.125,0,1,0,,,appear
dinosaurs_spacemen_and_ghouls,barefoot,1,3.125,0,1,0,,,barefoot
dinosaurs_spacemen_and_ghouls,changing,1,3.125,0,1,0,,,changing
dinosaurs_spacemen_and_ghouls,charge,1,3.125,0,1,0,,,charge
dinosaurs_spacemen_and_ghouls,chockablock,1,3.125,0,1,0,,,chockablock
dinosaurs_spacemen_and_ghouls,confuse,1,3.125,0,1,0,,,confuse
dinosaurs_spacemen_and_ghouls,creepy,1,3.125,0,1,0,,,creepy
dinosaurs_spacemen_and_ghouls,dancing,1,3.125,0,1,0,,,dancing
dinosaurs_spacemen_and_ghouls,darker,1,3.125,0,1,0,,,darker
dinosaurs_spacemen_and_ghouls,dine,1,3.125,0,1,0,,,dine
dinosaurs_spacemen_and_ghouls,eating,1,3.125,0,1,0,,,eating
dinosaurs_spacemen_and_ghouls,evil,1,3.125,0,1,0,,,evil
dinosaurs_spacemen_and_ghouls,fake,1,3.125,0,1,0,,,fake
dinosaurs_spacemen_and_ghouls,fighting,1,3.125,0,1,0,,,fighting
dinosaurs_spacemen_and_ghouls,gaping,1,3.125,0,1,0,,,gaping
dinosaurs_spacemen_and_ghouls,gosh,1,3.125,0,1,0,,,gosh
dinosaurs_spacemen_and_ghouls,halve,1,3.125,0,1,0,,,halve
dinosaurs_spacemen_and_ghouls,haunted,1,3.125,0,1,0,,,haunted
dinosaurs_spacemen_and_ghouls,hide,1,3.125,0,1,0,,,hide
dinosaurs_spacemen_and_ghouls,hold,1,3.125,0,1,0,,,hold
dinosaurs_spacemen_and_ghouls,horrible,1,3.125,0,1,0,,,horrible
dinosaurs_spacemen_and_ghouls,let,1,3.125,0,1,0,,,let
dinosaurs_spacemen_and_ghouls,lift,1,3.125,0,1,0,,,lift
dinosaurs_spacemen_and_ghouls,little,1,3.125,0,1,0,,,little
dinosaurs_spacemen_and_ghouls,lots,1,3.125,0,1,0,,,lots
dinosaurs_spacemen_and_ghouls,meanwhile,1,3.125,0,1,0,,,meanwhile
dinosaurs_spacemen_and_ghouls,medieval,1,3.125,0,1,0,,,medieval
dinosaurs_spacemen_and_ghouls,mighty,1,3.125,0,1,0,,,mighty
dinosaurs_spacemen_and_ghouls,milling,1,3.125,0,1,0,,,milling
dinosaurs_spacemen_and_ghouls,muddle,1,3.125,0,1,0,,,muddle
dinosaurs_spacemen_and_ghouls,paler,1,3.125,0,1,0,,,paler
dinosaurs_spacemen_and_ghouls,realizing,1,3.125,0,1,0,,,realizing
dinosaurs_spacemen_and_ghouls,rocky,1,3.125,0,1,0,,,rocky
dinosaurs_spacemen_and_ghouls,round,1,3.125,0,1,0,,,round
dinosaurs_spacemen_and_ghouls,scary,1,3.125,0,1,0,,,scary
dinosaurs_spacemen_and_ghouls,scifi,1,3.125,0,1,0,,,scifi
dinosaurs_spacemen_and_ghouls,scruffy,1,3.125,0,1,0,,,scruffy
dinosaurs_spacemen_and_ghouls,shoot,1,3.125,0,1,0,,,shoot
dinosaurs_spacemen_and_ghouls,sleeping,1,3.125,0,1,0,,,sleeping
dinosaurs_spacemen_and_ghouls,spew,1,3.125,0,1,0,,,spew
dinosaurs_spacemen_and_ghouls,toss,1,3.125,0,1,0,,,toss
dinosaurs_spacemen_and_ghouls,up,1,3.125,0,1,0,,,up
dinosaurs_spacemen_and_ghouls,wear,1,3.125,0,1,0,,,wear
dinosaurs_spacemen_and_ghouls,write,1,3.125,0,1,0,,,write